INSERT INTO `collections`(`name`, `order`)
VALUES
  ('rose', 1),
  ('daisy', 2),
  ('tulip', 3),
  ('dry', 4),
  ('extra', 5),
  ('hydrangea', 6),
  ('peony', 7),
  ('carnation', 8),
  ('gypsophila', 9),
  ('leaf', 10),
  ('pine', 11);

INSERT INTO `labels`(`code`, `value`, `fk_label`)
VALUES ('ITEM_ORIGIN', 'item-origin', NULL);

SET @id = LAST_INSERT_ID();

INSERT INTO `labels`(`code`, `value`, `fk_label`)
VALUES
  ('item-origin', 'vietnam', @id),
  ('item-origin', 'ecuador', @id),
  ('item-origin', 'japan', @id),
  ('item-origin', 'south-africa', @id),
  ('item-origin', 'malaysia', @id),
  ('item-origin', 'israel', @id),
  ('item-origin', 'new-zealand', @id),
  ('item-origin', 'italy', @id),
  ('item-origin', 'united-states', @id),
  ('item-origin', 'australia', @id),
  ('item-origin', 'denmark', @id),
  ('item-origin', 'netherlands', @id);

INSERT INTO `labels`(`code`, `value`, `fk_label`)
VALUES ('ITEM_COLOR', 'item-color', NULL);

SET @id = LAST_INSERT_ID();

INSERT INTO `labels`(`code`, `value`, `fk_label`)
VALUES
  ('item-color', 'red', @id),
  ('item-color', 'white', @id),
  ('item-color', 'brown', @id),
  ('item-color', 'gray', @id),
  ('item-color', 'dark-pink', @id),
  ('item-color', 'light-pink', @id),
  ('item-color', 'cream', @id),
  ('item-color', 'yellow', @id),
  ('item-color', 'orange', @id),
  ('item-color', 'green', @id),
  ('item-color', 'blue', @id),
  ('item-color', 'purple', @id),
  ('item-color', 'rainbow', @id),
  ('item-color', 'bi-color', @id);


INSERT INTO `labels`(`code`, `value`, `fk_label`)
VALUES ('ITEM_SIZE', 'item-size', NULL);

SET @id = LAST_INSERT_ID();

INSERT INTO `labels`(`code`, `value`, `fk_label`)
VALUES
  ('item-size', '25cm', @id),
  ('item-size', '30cm', @id),
  ('item-size', '40cm' ,@id),
  ('item-size', '50cm', @id),
  ('item-size', '60cm', @id),
  ('item-size', '70cm', @id),
  ('item-size', '80cm', @id),
  ('item-size', '90cm', @id),
  ('item-size', '100cm', @id),
  ('item-size', '110cm', @id),
  ('item-size', '120cm', @id),
  ('item-size', '130cm', @id),
  ('item-size', '150cm', @id),
  ('item-size', '180cm', @id),
  ('item-size', '200cm', @id),
  ('item-size', '250cm', @id),
  ('item-size', '300cm', @id),
  ('item-size', '400cm', @id),
  ('item-size', '500cm', @id),
  ('item-size', '600cm', @id);

INSERT INTO `labels`(`code`, `value`, `fk_label`)
VALUES ('ITEM_AVAILABILITY', 'item-availability', NULL);

SET @id = LAST_INSERT_ID();

INSERT INTO `labels`(`code`, `value`, `fk_label`)
VALUES
  ('item-availability', 'january', @id),
  ('item-availability', 'february', @id),
  ('item-availability', 'march' ,@id),
  ('item-availability', 'april', @id),
  ('item-availability', 'may', @id),
  ('item-availability', 'june', @id),
  ('item-availability', 'july', @id),
  ('item-availability', 'august', @id),
  ('item-availability', 'september', @id),
  ('item-availability', 'october', @id),
  ('item-availability', 'november', @id),
  ('item-availability', 'december', @id),
  ('item-availability', 'year-round', @id);

INSERT INTO `labels`(`code`, `value`, `fk_label`)
VALUES ('ITEM_PRICE', 'item-price', NULL);

SET @id = LAST_INSERT_ID();

INSERT INTO `labels`(`code`, `value`, `fk_label`)
VALUES
  ('item-price', '100000', @id),
  ('item-price', '1000000', @id),
  ('item-price', '32000' ,@id),
  ('item-price', '45000', @id);

INSERT INTO `users`(`username`, `hashed_password`)
VALUES ('admin', '$2a$14$yCNUd90EI3.fB3kOgvyS8Oht5097zjcfkmKtyvLNuaaAflqWDqpP6');

INSERT INTO `roles`(`label`)
VALUES ('admin'), ('customer');

INSERT INTO `user_roles`(`fk_user`, `fk_role`)
VALUES (1, 1);

INSERT INTO `images` (`id`, `link`)
VALUES  (1, 'https://img.freepik.com/free-photo/purple-osteospermum-daisy-flower_1373-16.jpg?w=2000');

insert into `items` (id, name, search_keys, description, fk_label_origin, fk_collection, fk_label_color, fk_image_avatar, `order_in_collection`, `order`, `active`)
values  (1, 'Celeste', null, null, 3, 1, 25, 1, 1, 1, 1),
        (2, 'Sky blue', null, null, 3, 1, 25, 1, 2, 2, 1),
        (3, 'Blue', null, null, 3, 1, 25, 1, 3, 3, 1),
        (4, 'Fancycake', null, null, 3, 1, 27, 1, 4, 4, 1),
        (5, 'Rainbow', null, null, 3, 1, 27, 1, 5, 5, 1),
        (6, 'Shyla', null, null, 3, 1, 26, 1, 6, 6, 1),
        (7, 'Aquamarine', null, null, 3, 1, 25, 1, 7, 7, 1),
        (8, 'Blue & White', null, null, 3, 1, 28, 1, 8, 8, 1),
        (9, 'Orange & White', null, null, 3, 1, 28, 1, 9, 9, 1),
        (10, 'Pink & White', null, null, 3, 1, 28, 1, 10, 10, 1),
        (11, 'Purple & White', null, null, 3, 1, 28, 1, 11, 11, 1),
        (12, 'Black & Red', null, null, 3, 1, 28, 1, 12, 12, 1),
        (13, 'Mondial', null, null, 3, 1, 16, 1, 13, 13, 1),
        (14, 'Playa Blanca', null, null, 3, 1, 16, 1, 14, 14, 1),
        (15, 'Quicksand', null, null, 3, 1, 18, 1, 15, 15, 1),
        (16, 'Toffee', null, null, 3, 1, 17, 1, 16, 16, 1),
        (17, 'Moody blues', null, null, 3, 1, 26, 1, 17, 17, 1),
        (18, 'Freedom', null, null, 3, 1, 15, 1, 18, 18, 1),
        (19, 'Explorer', null, null, 3, 1, 15, 1, 19, 19, 1),
        (20, 'Heart', null, null, 3, 1, 15, 1, 20, 20, 1),
        (21, 'Kahala', null, null, 3, 1, 23, 1, 21, 21, 1),
        (22, 'Freespirit', null, null, 3, 1, 23, 1, 22, 22, 1),
        (23, 'Coral reef', null, null, 3, 1, 23, 1, 23, 23, 1),
        (24, 'Shimmer', null, null, 3, 1, 23, 1, 24, 24, 1),
        (25, 'Country Sun', null, null, 3, 1, 22, 1, 25, 25, 1),
        (26, 'Stardust', null, null, 3, 1, 22, 1, 26, 26, 1),
        (27, 'Havana', null, null, 3, 1, 20, 1, 27, 27, 1),
        (28, 'Pink Floyd', null, null, 3, 1, 19, 1, 28, 28, 1),
        (29, 'Christa', null, null, 3, 1, 20, 1, 29, 29, 1),
        (30, 'Full Monty', null, null, 3, 1, 19, 1, 30, 30, 1),
        (31, 'Saga', null, null, 3, 1, 20, 1, 31, 31, 1),
        (32, 'Moab', null, null, 3, 1, 17, 1, 32, 32, 1),
        (33, 'Lemonade', null, null, 3, 1, 24, 1, 33, 33, 1),
        (34, 'Elba', 'Hoa hồng chùm', null, 3, 1, null, 1, 34, 34, 1),
        (35, 'Blue moon', 'Hoa hồng chùm', null, 3, 1, null, 1, 35, 35, 1),
        (36, 'Hot Majolica', 'Hoa hồng chùm', null, 3, 1, null, 1, 36, 36, 1),
        (37, 'Brilliant Star Leo', 'Hoa hồng chùm', null, 3, 1, null, 1, 37, 37, 1),
        (38, 'Girlie Folies', 'Hoa hồng chùm', null, 3, 1, null, 1, 38, 38, 1),
        (39, 'Scarlet Mini', 'Hoa hồng chùm', null, 3, 1, null, 1, 39, 39, 1),
        (40, 'Sweet Dream', 'Hoa hồng chùm', null, 3, 1, null, 1, 40, 40, 1),
        (41, 'Rosa Cheer girl apri', 'Hoa hồng chùm', null, 4, 1, null, 1, 41, 41, 1),
        (42, 'Rosa Cheer girl ', 'Hoa hồng chùm', null, 4, 1, null, 1, 42, 42, 1),
        (43, 'Rosa Sea Anemone', 'Hoa hồng chùm', null, 4, 1, null, 1, 43, 43, 1),
        (44, 'Rosa Garnet gem', 'Hoa hồng chùm', null, 4, 1, null, 1, 44, 44, 1),
        (45, 'Rosa Mystic Sarah', 'Hoa hồng chùm', null, 4, 1, null, 1, 45, 45, 1),
        (46, 'Cúc Mẫu Đơn Trắng', null, null, 6, 2, 16, 1, 1, 46, 1),
        (47, 'Cúc Mẫu Đơn Xanh Blue', null, null, 6, 2, 25, 1, 2, 47, 1),
        (48, 'Cúc Mẫu Đơn Xanh Ngọc', null, null, 6, 2, 25, 1, 3, 48, 1),
        (49, 'Cúc Mẫu Đơn Nâu', null, null, 6, 2, 17, 1, 4, 49, 1),
        (50, 'Cúc Mẫu Đơn Xanh Cốm', null, null, 6, 2, 24, 1, 5, 50, 1),
        (51, 'Cúc Mẫu Đơn Cam', null, null, 6, 2, 23, 1, 6, 51, 1),
        (52, 'Cúc Mẫu Đơn Hồng Nhạt', null, null, 6, 2, 20, 1, 7, 52, 1),
        (53, 'Cúc Mẫu Đơn Tím Tía (Ruốc)', null, null, 6, 2, 26, 1, 8, 53, 1),
        (54, 'Cúc Mẫu Đơn Tím Nhạt', null, null, 6, 2, 26, 1, 9, 54, 1),
        (55, 'Cúc Mẫu Đơn Tím Đậm', null, null, 6, 2, 26, 1, 10, 55, 1),
        (56, 'Cúc Mẫu Đơn Xanh Tím Hoa Cà', null, null, 6, 2, 26, 1, 11, 56, 1),
        (57, 'Cúc Mẫu Đơn Hồng Đậm', null, null, 6, 2, 19, 1, 12, 57, 1),
        (58, 'Cúc Mẫu Đơn Blue Nhạt', null, null, 6, 2, 25, 1, 13, 58, 1),
        (59, 'Cúc Mẫu Đơn Đỏ', null, null, 6, 2, 15, 1, 14, 59, 1),
        (60, 'Cúc Mẫu Đơn Xanh Rêu', null, null, 6, 2, 24, 1, 15, 60, 1),
        (61, 'Cúc Mẫu Đơn Vàng', null, null, 6, 2, 22, 1, 16, 61, 1),
        (62, 'Cúc Mẫu Đơn Cam Đào', null, null, 6, 2, 23, 1, 17, 62, 1),
        (63, 'Cúc Mẫu Đơn Hồng Đào', null, null, 6, 2, 20, 1, 18, 63, 1),
        (64, 'Cúc Mẫu Đơn Xanh Cyan', null, null, 6, 2, 25, 1, 19, 64, 1),
        (65, 'Cúc Mẫu Đơn Cam Salmon', null, null, 6, 2, 23, 1, 20, 65, 1),
        (66, 'Cúc Mẫu Đơn Hồng Sến', null, null, 6, 2, 19, 1, 21, 66, 1);

insert into `item_attributes` (fk_label, fk_item, active)
values  (34, 1, 1),
        (35, 1, 1),
        (63, 1, 1),
        (34, 2, 1),
        (35, 2, 1),
        (63, 2, 1),
        (34, 3, 1),
        (35, 3, 1),
        (63, 3, 1),
        (34, 4, 1),
        (35, 4, 1),
        (63, 4, 1),
        (34, 5, 1),
        (35, 5, 1),
        (63, 5, 1),
        (34, 6, 1),
        (35, 6, 1),
        (63, 6, 1),
        (34, 7, 1),
        (35, 7, 1),
        (63, 7, 1),
        (34, 8, 1),
        (35, 8, 1),
        (63, 8, 1),
        (34, 9, 1),
        (35, 9, 1),
        (63, 9, 1),
        (34, 10, 1),
        (35, 10, 1),
        (63, 10, 1),
        (34, 11, 1),
        (35, 11, 1),
        (63, 11, 1),
        (34, 12, 1),
        (35, 12, 1),
        (63, 12, 1),
        (33, 13, 1),
        (34, 13, 1),
        (35, 13, 1),
        (63, 13, 1),
        (33, 14, 1),
        (34, 14, 1),
        (35, 14, 1),
        (63, 14, 1),
        (33, 15, 1),
        (34, 15, 1),
        (35, 15, 1),
        (63, 15, 1),
        (34, 16, 1),
        (35, 16, 1),
        (36, 16, 1),
        (63, 16, 1),
        (33, 17, 1),
        (34, 17, 1),
        (35, 17, 1),
        (63, 17, 1),
        (34, 18, 1),
        (35, 18, 1),
        (36, 18, 1),
        (37, 18, 1),
        (38, 18, 1),
        (63, 18, 1),
        (34, 19, 1),
        (35, 19, 1),
        (36, 19, 1),
        (37, 19, 1),
        (63, 19, 1),
        (34, 20, 1),
        (35, 20, 1),
        (36, 20, 1),
        (63, 20, 1),
        (34, 21, 1),
        (35, 21, 1),
        (36, 21, 1),
        (63, 21, 1),
        (32, 22, 1),
        (33, 22, 1),
        (34, 22, 1),
        (35, 22, 1),
        (63, 22, 1),
        (33, 23, 1),
        (34, 23, 1),
        (63, 23, 1),
        (34, 24, 1),
        (35, 24, 1),
        (36, 24, 1),
        (37, 24, 1),
        (63, 24, 1),
        (32, 25, 1),
        (33, 25, 1),
        (63, 25, 1),
        (34, 26, 1),
        (35, 26, 1),
        (63, 26, 1),
        (34, 27, 1),
        (35, 27, 1),
        (63, 27, 1),
        (33, 28, 1),
        (34, 28, 1),
        (35, 28, 1),
        (36, 28, 1),
        (63, 28, 1),
        (32, 29, 1),
        (33, 29, 1),
        (34, 29, 1),
        (35, 29, 1),
        (36, 29, 1),
        (63, 29, 1),
        (34, 30, 1),
        (35, 30, 1),
        (63, 30, 1),
        (33, 31, 1),
        (34, 31, 1),
        (63, 31, 1),
        (34, 32, 1),
        (35, 32, 1),
        (63, 32, 1),
        (33, 33, 1),
        (34, 33, 1),
        (35, 33, 1),
        (63, 33, 1),
        (32, 34, 1),
        (33, 34, 1),
        (34, 34, 1),
        (63, 34, 1),
        (32, 35, 1),
        (33, 35, 1),
        (34, 35, 1),
        (63, 35, 1),
        (32, 36, 1),
        (33, 36, 1),
        (34, 36, 1),
        (63, 36, 1),
        (32, 37, 1),
        (33, 37, 1),
        (34, 37, 1),
        (63, 37, 1),
        (32, 38, 1),
        (33, 38, 1),
        (34, 38, 1),
        (63, 38, 1),
        (32, 39, 1),
        (33, 39, 1),
        (34, 39, 1),
        (63, 39, 1),
        (32, 40, 1),
        (33, 40, 1),
        (34, 40, 1),
        (63, 40, 1),
        (33, 41, 1),
        (34, 41, 1),
        (63, 41, 1),
        (33, 42, 1),
        (34, 42, 1),
        (63, 42, 1),
        (33, 43, 1),
        (34, 43, 1),
        (63, 43, 1),
        (33, 44, 1),
        (34, 44, 1),
        (63, 44, 1),
        (33, 45, 1),
        (34, 45, 1),
        (63, 45, 1),
        (35, 46, 1),
        (63, 46, 1),
        (35, 47, 1),
        (63, 47, 1),
        (35, 48, 1),
        (63, 48, 1),
        (35, 49, 1),
        (63, 49, 1),
        (35, 50, 1),
        (63, 50, 1),
        (35, 51, 1),
        (63, 51, 1),
        (35, 52, 1),
        (63, 52, 1),
        (35, 53, 1),
        (63, 53, 1),
        (35, 54, 1),
        (63, 54, 1),
        (35, 55, 1),
        (63, 55, 1),
        (35, 56, 1),
        (63, 56, 1),
        (35, 57, 1),
        (63, 57, 1),
        (35, 58, 1),
        (63, 58, 1),
        (35, 59, 1),
        (63, 59, 1),
        (35, 60, 1),
        (63, 60, 1),
        (35, 61, 1),
        (63, 61, 1),
        (35, 62, 1),
        (63, 62, 1),
        (35, 63, 1),
        (63, 63, 1),
        (35, 64, 1),
        (63, 64, 1),
        (35, 65, 1),
        (63, 65, 1),
        (35, 66, 1),
        (63, 66, 1);--
-- INSERT INTO `labels`(`code`, `value`, `fk_label`)
-- VALUES ('USER_PERMISSION', 'user-permission', NULL);
--
-- SET @id = LAST_INSERT_ID();
--
-- INSERT INTO `labels`(`code`, `value`, `fk_label`)
-- VALUES
--   ('user-permission', 'read', @id),
--   ('user-permission', 'write', @id),
--   ('user-permission', 'update' ,@id);
--
-- INSERT INTO `labels`(`code`, `value`, `fk_label`)
-- VALUES ('SYSTEM_RESOURCES', 'system-resources', NULL);
--
-- SET @id = LAST_INSERT_ID();
--
-- INSERT INTO `labels`(`code`, `value`, `fk_label`)
-- VALUES
--   ('system-resources', 'items', @id),
--   ('system-resources', 'roles', @id),
--   ('system-resources', 'users' ,@id),
--   ('system-resources', 'images' ,@id);

-- INSERT INTO `items`(`name`, `order`)
-- VALUES
--   ('celeste', 1),
--   ('sky-blue', 2),
--   ('blue', 3),
--   ('fancycake', 4),
--   ('rainbow', 5),
--   ('shyla', 6),
--   ('aquamarine', 7),
--   ('blue-&-white', 8),
--   ('orange-&-white', 9),
--   ('pink-&-white', 10),
--   ('purple-&-white', 11),
--   ('black-&-red', 12),
--   ('mondial', 13),
--   ('playa-blanca', 14),
--   ('quicksand', 15),
--   ('toffee', 16),
--   ('moody-blues', 17),
--   ('freedom', 18),
--   ('explorer', 19),
--   ('heart', 20),
--   ('kahala', 21),
--   ('freespirit', 22),
--   ('coral-reef', 23),
--   ('shimmer', 24),
--   ('country-sun', 25),
--   ('stardust', 26),
--   ('havana', 27),
--   ('pink-floyd', 28),
--   ('christa', 29),
--   ('full-monty', 30),
--   ('saga', 31),
--   ('moab', 32),
--   ('lemonade', 33),
--   ('elba', 34),
--   ('blue-moon', 35),
--   ('hot-majolica', 36),
--   ('brilliant-star-leo', 37),
--   ('girlie-folies', 38),
--   ('scarlet-mini', 39),
--   ('sweet-dream', 40),
--   ('rosa-cheer-girl-apricot', 41),
--   ('rosa-cheer-girl', 42),
--   ('rosa-sea-anemone', 43),
--   ('rosa-garnet-gem', 44),
--   ('rosa-mystic-sarah', 45);