INSERT INTO `collections`(`name`, `order`)
VALUES
  ('rose', 1),
  ('daisy', 2),
  ('tulip', 3),
  ('dry', 4),
  ('extra', 5),
  ('hydrangea', 6),
  ('peony', 7),
  ('carnation', 8),
  ('gypsophila', 9),
  ('leaf', 10),
  ('pine', 11);

INSERT INTO `labels`(`code`, `value`, `fk_label`)
VALUES ('ITEM_ORIGIN', 'item-origin', NULL);

SET @id = LAST_INSERT_ID();

INSERT INTO `labels`(`code`, `value`, `fk_label`)
VALUES
  ('item-origin', 'vietnam', @id),
  ('item-origin', 'ecuador', @id),
  ('item-origin', 'japan', @id),
  ('item-origin', 'south-africa', @id),
  ('item-origin', 'malaysia', @id),
  ('item-origin', 'israel', @id),
  ('item-origin', 'new-zealand', @id),
  ('item-origin', 'italy', @id),
  ('item-origin', 'united-states', @id),
  ('item-origin', 'australia', @id),
  ('item-origin', 'denmark', @id),
  ('item-origin', 'netherlands', @id);

INSERT INTO `labels`(`code`, `value`, `fk_label`)
VALUES ('ITEM_COLOR', 'item-color', NULL);

SET @id = LAST_INSERT_ID();

INSERT INTO `labels`(`code`, `value`, `fk_label`)
VALUES
  ('item-color', 'red', @id),
  ('item-color', 'white', @id),
  ('item-color', 'brown', @id),
  ('item-color', 'gray', @id),
  ('item-color', 'dark-pink', @id),
  ('item-color', 'light-pink', @id),
  ('item-color', 'cream', @id),
  ('item-color', 'yellow', @id),
  ('item-color', 'orange', @id),
  ('item-color', 'green', @id),
  ('item-color', 'blue', @id),
  ('item-color', 'purple', @id),
  ('item-color', 'rainbow', @id),
  ('item-color', 'bi-color', @id);


INSERT INTO `labels`(`code`, `value`, `fk_label`)
VALUES ('ITEM_SIZE', 'item-size', NULL);

SET @id = LAST_INSERT_ID();

INSERT INTO `labels`(`code`, `value`, `fk_label`)
VALUES
  ('item-size', '25cm', @id),
  ('item-size', '30cm', @id),
  ('item-size', '40cm' ,@id),
  ('item-size', '50cm', @id),
  ('item-size', '60cm', @id),
  ('item-size', '70cm', @id),
  ('item-size', '80cm', @id),
  ('item-size', '90cm', @id),
  ('item-size', '100cm', @id),
  ('item-size', '110cm', @id),
  ('item-size', '120cm', @id),
  ('item-size', '130cm', @id),
  ('item-size', '150cm', @id),
  ('item-size', '180cm', @id),
  ('item-size', '200cm', @id),
  ('item-size', '250cm', @id),
  ('item-size', '300cm', @id),
  ('item-size', '400cm', @id),
  ('item-size', '500cm', @id),
  ('item-size', '600cm', @id);

INSERT INTO `labels`(`code`, `value`, `fk_label`)
VALUES ('ITEM_AVAILABILITY', 'item-availability', NULL);

SET @id = LAST_INSERT_ID();

INSERT INTO `labels`(`code`, `value`, `fk_label`)
VALUES
  ('item-availability', 'january', @id),
  ('item-availability', 'february', @id),
  ('item-availability', 'march' ,@id),
  ('item-availability', 'april', @id),
  ('item-availability', 'may', @id),
  ('item-availability', 'june', @id),
  ('item-availability', 'july', @id),
  ('item-availability', 'august', @id),
  ('item-availability', 'september', @id),
  ('item-availability', 'october', @id),
  ('item-availability', 'november', @id),
  ('item-availability', 'december', @id),
  ('item-availability', 'year-round', @id);

INSERT INTO `labels`(`code`, `value`, `fk_label`)
VALUES ('ITEM_PRICE', 'item-price', NULL);

SET @id = LAST_INSERT_ID();

INSERT INTO `labels`(`code`, `value`, `fk_label`)
VALUES
  ('item-price', '100000', @id),
  ('item-price', '1000000', @id),
  ('item-price', '32000' ,@id),
  ('item-price', '45000', @id);

INSERT INTO `users`(`username`, `hashed_password`)
VALUES ('admin', '$2a$14$yCNUd90EI3.fB3kOgvyS8Oht5097zjcfkmKtyvLNuaaAflqWDqpP6');

INSERT INTO `roles`(`label`)
VALUES ('admin'), ('customer');

INSERT INTO `user_roles`(`fk_user`, `fk_role`)
VALUES (1, 1);

INSERT INTO `items` (`id`, `name`, `search_keys`, `description`, `order`, `active`)
VALUES  (1, 'Celeste', null, null, 1, 1),
        (2, 'Sky blue', null, null, 2, 1),
        (3, 'Blue', null, null, 3, 1),
        (4, 'Fancycake', null, null, 4, 1),
        (5, 'Rainbow', null, null, 5, 1),
        (6, 'Shyla', null, null, 6, 1),
        (7, 'Aquamarine', null, null, 7, 1),
        (8, 'Blue & White', null, null, 8, 1),
        (9, 'Orange & White', null, null, 9, 1),
        (10, 'Pink & White', null, null, 10, 1),
        (11, 'Purple & White', null, null, 11, 1),
        (12, 'Black & Red', null, null, 12, 1),
        (13, 'Mondial', null, null, 13, 1),
        (14, 'Playa Blanca', null, null, 14, 1),
        (15, 'Quicksand', null, null, 15, 1),
        (16, 'Toffee', null, null, 16, 1),
        (17, 'Moody blues', null, null, 17, 1),
        (18, 'Freedom', null, null, 18, 1),
        (19, 'Explorer', null, null, 19, 1),
        (20, 'Heart', null, null, 20, 1),
        (21, 'Kahala', null, null, 21, 1),
        (22, 'Freespirit', null, null, 22, 1),
        (23, 'Coral reef', null, null, 23, 1),
        (24, 'Shimmer', null, null, 24, 1),
        (25, 'Country Sun', null, null, 25, 1),
        (26, 'Stardust', null, null, 26, 1),
        (27, 'Havana', null, null, 27, 1),
        (28, 'Pink Floyd', null, null, 28, 1),
        (29, 'Christa', null, null, 29, 1),
        (30, 'Full Monty', null, null, 30, 1),
        (31, 'Saga', null, null, 31, 1),
        (32, 'Moab', null, null, 32, 1),
        (33, 'Lemonade', null, null, 33, 1),
        (34, 'Elba', 'Hoa hồng chùm', null, 34, 1),
        (35, 'Blue moon', 'Hoa hồng chùm', null, 35, 1),
        (36, 'Hot Majolica', 'Hoa hồng chùm', null, 36, 1),
        (37, 'Brilliant Star Leo', 'Hoa hồng chùm', null, 37, 1),
        (38, 'Girlie Folies', 'Hoa hồng chùm', null, 38, 1),
        (39, 'Scarlet Mini', 'Hoa hồng chùm', null, 39, 1),
        (40, 'Sweet Dream', 'Hoa hồng chùm', null, 40, 1),
        (41, 'Rosa Cheer girl apri', 'Hoa hồng chùm', null, 41, 1),
        (42, 'Rosa Cheer girl ', 'Hoa hồng chùm', null, 42, 1),
        (43, 'Rosa Sea Anemone', 'Hoa hồng chùm', null, 43, 1),
        (44, 'Rosa Garnet gem', 'Hoa hồng chùm', null, 44, 1),
        (45, 'Rosa Mystic Sarah', 'Hoa hồng chùm', null, 45, 1);

INSERT INTO `item_collections` (`fk_item`, `fk_collection`, `order`, `active`)
VALUES  (1, 1, 1, 1),
        (2, 1, 2, 1),
        (3, 1, 3, 1),
        (4, 1, 4, 1),
        (5, 1, 5, 1),
        (6, 1, 6, 1),
        (7, 1, 7, 1),
        (8, 1, 8, 1),
        (9, 1, 9, 1),
        (10, 1, 10, 1),
        (11, 1, 11, 1),
        (12, 1, 12, 1),
        (13, 1, 13, 1),
        (14, 1, 14, 1),
        (15, 1, 15, 1),
        (16, 1, 16, 1),
        (17, 1, 17, 1),
        (18, 1, 18, 1),
        (19, 1, 19, 1),
        (20, 1, 20, 1),
        (21, 1, 21, 1),
        (22, 1, 22, 1),
        (23, 1, 23, 1),
        (24, 1, 24, 1),
        (25, 1, 25, 1),
        (26, 1, 26, 1),
        (27, 1, 27, 1),
        (28, 1, 28, 1),
        (29, 1, 29, 1),
        (30, 1, 30, 1),
        (31, 1, 31, 1),
        (32, 1, 32, 1),
        (33, 1, 33, 1),
        (34, 1, 34, 1),
        (35, 1, 35, 1),
        (36, 1, 36, 1),
        (37, 1, 37, 1),
        (38, 1, 38, 1),
        (39, 1, 39, 1),
        (40, 1, 40, 1),
        (41, 1, 41, 1),
        (42, 1, 42, 1),
        (43, 1, 43, 1),
        (44, 1, 44, 1),
        (45, 1, 45, 1);

INSERT INTO `item_attributes` (`fk_label`, `fk_item`, `active`)
VALUES  (3, 1, 1),
        (25, 1, 1),
        (34, 1, 1),
        (35, 1, 1),
        (63, 1, 1),
        (3, 2, 1),
        (25, 2, 1),
        (34, 2, 1),
        (35, 2, 1),
        (63, 2, 1),
        (3, 3, 1),
        (25, 3, 1),
        (34, 3, 1),
        (35, 3, 1),
        (63, 3, 1),
        (3, 4, 1),
        (27, 4, 1),
        (34, 4, 1),
        (35, 4, 1),
        (63, 4, 1),
        (3, 5, 1),
        (27, 5, 1),
        (34, 5, 1),
        (35, 5, 1),
        (63, 5, 1),
        (3, 6, 1),
        (26, 6, 1),
        (34, 6, 1),
        (35, 6, 1),
        (63, 6, 1),
        (3, 7, 1),
        (25, 7, 1),
        (34, 7, 1),
        (35, 7, 1),
        (63, 7, 1),
        (3, 8, 1),
        (28, 8, 1),
        (34, 8, 1),
        (35, 8, 1),
        (63, 8, 1),
        (3, 9, 1),
        (28, 9, 1),
        (34, 9, 1),
        (35, 9, 1),
        (63, 9, 1),
        (3, 10, 1),
        (28, 10, 1),
        (34, 10, 1),
        (35, 10, 1),
        (63, 10, 1),
        (3, 11, 1),
        (28, 11, 1),
        (34, 11, 1),
        (35, 11, 1),
        (63, 11, 1),
        (3, 12, 1),
        (28, 12, 1),
        (34, 12, 1),
        (35, 12, 1),
        (63, 12, 1),
        (3, 13, 1),
        (16, 13, 1),
        (33, 13, 1),
        (34, 13, 1),
        (35, 13, 1),
        (63, 13, 1),
        (3, 14, 1),
        (16, 14, 1),
        (33, 14, 1),
        (34, 14, 1),
        (35, 14, 1),
        (63, 14, 1),
        (3, 15, 1),
        (18, 15, 1),
        (33, 15, 1),
        (34, 15, 1),
        (35, 15, 1),
        (63, 15, 1),
        (3, 16, 1),
        (17, 16, 1),
        (34, 16, 1),
        (35, 16, 1),
        (36, 16, 1),
        (63, 16, 1),
        (3, 17, 1),
        (26, 17, 1),
        (33, 17, 1),
        (34, 17, 1),
        (35, 17, 1),
        (63, 17, 1),
        (3, 18, 1),
        (15, 18, 1),
        (34, 18, 1),
        (35, 18, 1),
        (36, 18, 1),
        (37, 18, 1),
        (38, 18, 1),
        (63, 18, 1),
        (3, 19, 1),
        (15, 19, 1),
        (34, 19, 1),
        (35, 19, 1),
        (36, 19, 1),
        (37, 19, 1),
        (63, 19, 1),
        (3, 20, 1),
        (15, 20, 1),
        (34, 20, 1),
        (35, 20, 1),
        (36, 20, 1),
        (63, 20, 1),
        (3, 21, 1),
        (23, 21, 1),
        (34, 21, 1),
        (35, 21, 1),
        (36, 21, 1),
        (63, 21, 1),
        (3, 22, 1),
        (23, 22, 1),
        (32, 22, 1),
        (33, 22, 1),
        (34, 22, 1),
        (35, 22, 1),
        (63, 22, 1),
        (3, 23, 1),
        (23, 23, 1),
        (33, 23, 1),
        (34, 23, 1),
        (63, 23, 1),
        (3, 24, 1),
        (23, 24, 1),
        (34, 24, 1),
        (35, 24, 1),
        (36, 24, 1),
        (37, 24, 1),
        (63, 24, 1),
        (3, 25, 1),
        (22, 25, 1),
        (32, 25, 1),
        (33, 25, 1),
        (63, 25, 1),
        (3, 26, 1),
        (22, 26, 1),
        (34, 26, 1),
        (35, 26, 1),
        (63, 26, 1),
        (3, 27, 1),
        (20, 27, 1),
        (34, 27, 1),
        (35, 27, 1),
        (63, 27, 1),
        (3, 28, 1),
        (19, 28, 1),
        (33, 28, 1),
        (34, 28, 1),
        (35, 28, 1),
        (36, 28, 1),
        (63, 28, 1),
        (3, 29, 1),
        (20, 29, 1),
        (32, 29, 1),
        (33, 29, 1),
        (34, 29, 1),
        (35, 29, 1),
        (36, 29, 1),
        (63, 29, 1),
        (3, 30, 1),
        (19, 30, 1),
        (34, 30, 1),
        (35, 30, 1),
        (63, 30, 1),
        (3, 31, 1),
        (20, 31, 1),
        (33, 31, 1),
        (34, 31, 1),
        (63, 31, 1),
        (3, 32, 1),
        (17, 32, 1),
        (34, 32, 1),
        (35, 32, 1),
        (63, 32, 1),
        (3, 33, 1),
        (24, 33, 1),
        (33, 33, 1),
        (34, 33, 1),
        (35, 33, 1),
        (63, 33, 1),
        (3, 34, 1),
        (32, 34, 1),
        (33, 34, 1),
        (34, 34, 1),
        (63, 34, 1),
        (3, 35, 1),
        (32, 35, 1),
        (33, 35, 1),
        (34, 35, 1),
        (63, 35, 1),
        (3, 36, 1),
        (32, 36, 1),
        (33, 36, 1),
        (34, 36, 1),
        (63, 36, 1),
        (3, 37, 1),
        (32, 37, 1),
        (33, 37, 1),
        (34, 37, 1),
        (63, 37, 1),
        (3, 38, 1),
        (32, 38, 1),
        (33, 38, 1),
        (34, 38, 1),
        (63, 38, 1),
        (3, 39, 1),
        (32, 39, 1),
        (33, 39, 1),
        (34, 39, 1),
        (63, 39, 1),
        (3, 40, 1),
        (32, 40, 1),
        (33, 40, 1),
        (34, 40, 1),
        (63, 40, 1),
        (4, 41, 1),
        (33, 41, 1),
        (34, 41, 1),
        (63, 41, 1),
        (4, 42, 1),
        (33, 42, 1),
        (34, 42, 1),
        (63, 42, 1),
        (4, 43, 1),
        (33, 43, 1),
        (34, 43, 1),
        (63, 43, 1),
        (4, 44, 1),
        (33, 44, 1),
        (34, 44, 1),
        (63, 44, 1),
        (4, 45, 1),
        (33, 45, 1),
        (34, 45, 1),
        (63, 45, 1);


--
-- INSERT INTO `labels`(`code`, `value`, `fk_label`)
-- VALUES ('USER_PERMISSION', 'user-permission', NULL);
--
-- SET @id = LAST_INSERT_ID();
--
-- INSERT INTO `labels`(`code`, `value`, `fk_label`)
-- VALUES
--   ('user-permission', 'read', @id),
--   ('user-permission', 'write', @id),
--   ('user-permission', 'update' ,@id);
--
-- INSERT INTO `labels`(`code`, `value`, `fk_label`)
-- VALUES ('SYSTEM_RESOURCES', 'system-resources', NULL);
--
-- SET @id = LAST_INSERT_ID();
--
-- INSERT INTO `labels`(`code`, `value`, `fk_label`)
-- VALUES
--   ('system-resources', 'items', @id),
--   ('system-resources', 'roles', @id),
--   ('system-resources', 'users' ,@id),
--   ('system-resources', 'images' ,@id);

-- INSERT INTO `items`(`name`, `order`)
-- VALUES
--   ('celeste', 1),
--   ('sky-blue', 2),
--   ('blue', 3),
--   ('fancycake', 4),
--   ('rainbow', 5),
--   ('shyla', 6),
--   ('aquamarine', 7),
--   ('blue-&-white', 8),
--   ('orange-&-white', 9),
--   ('pink-&-white', 10),
--   ('purple-&-white', 11),
--   ('black-&-red', 12),
--   ('mondial', 13),
--   ('playa-blanca', 14),
--   ('quicksand', 15),
--   ('toffee', 16),
--   ('moody-blues', 17),
--   ('freedom', 18),
--   ('explorer', 19),
--   ('heart', 20),
--   ('kahala', 21),
--   ('freespirit', 22),
--   ('coral-reef', 23),
--   ('shimmer', 24),
--   ('country-sun', 25),
--   ('stardust', 26),
--   ('havana', 27),
--   ('pink-floyd', 28),
--   ('christa', 29),
--   ('full-monty', 30),
--   ('saga', 31),
--   ('moab', 32),
--   ('lemonade', 33),
--   ('elba', 34),
--   ('blue-moon', 35),
--   ('hot-majolica', 36),
--   ('brilliant-star-leo', 37),
--   ('girlie-folies', 38),
--   ('scarlet-mini', 39),
--   ('sweet-dream', 40),
--   ('rosa-cheer-girl-apricot', 41),
--   ('rosa-cheer-girl', 42),
--   ('rosa-sea-anemone', 43),
--   ('rosa-garnet-gem', 44),
--   ('rosa-mystic-sarah', 45);